{"x":92.99999999999991,"y":30.999999999999822,"scale":1.12}
